dataset_day,hour_of_day,logons,failures,failure_pct
1,0,141372,2587.0,1.83
1,1,144186,2571.0,1.783
1,2,146834,2615.0,1.781
1,3,151093,2602.0,1.722
1,4,124093,2707.0,2.181
1,5,129969,2835.0,2.181
1,6,217957,3591.0,1.648
1,7,296847,4325.0,1.457
1,8,360202,8129.0,2.257
1,9,329276,4996.0,1.517
1,10,327036,4034.0,1.234
1,11,285528,4031.0,1.412
1,12,251230,3476.0,1.384
1,13,243182,3283.0,1.35
1,14,239019,3643.0,1.524
1,15,240198,3403.0,1.417
1,16,237879,3077.0,1.294
1,17,231269,3056.0,1.321
1,18,228962,3012.0,1.316
1,19,227180,3006.0,1.323
1,20,223250,2956.0,1.324
1,21,219738,2842.0,1.293
1,22,219950,2820.0,1.282
1,23,225339,2817.0,1.25
2,0,236301,2818.0,1.193
2,1,238724,2813.0,1.178
2,2,237378,2844.0,1.198
2,3,244806,3009.0,1.229
2,4,221065,3303.0,1.494
2,5,226520,3412.0,1.506
2,6,231701,3614.0,1.56
2,7,301023,4987.0,1.657
2,8,374261,5633.0,1.505
2,9,456769,5974.0,1.308
2,10,365434,5620.0,1.538
2,11,353906,5202.0,1.47
2,12,341285,4084.0,1.197
2,13,359721,4304.0,1.196
2,14,364343,4380.0,1.202
2,15,352361,4326.0,1.228
2,16,315829,3870.0,1.225
2,17,232146,2523.0,1.087
2,18,202288,2187.0,1.081
2,19,192802,2098.0,1.088
2,20,189101,2077.0,1.098
2,21,187615,1986.0,1.059
2,22,186904,1979.0,1.059
2,23,189251,1980.0,1.046
