user_name,logons,failures,sources,destinations
User031784,39922,39155.0,2,8
User515356,24508,24330.0,2,3
User006226,13858,13841.0,1,4
User718489,12010,5760.0,4,5
User249909,12367,5759.0,3,8
User974844,12205,5753.0,4,9
User896274,12147,5750.0,3,9
User816098,11972,5748.0,2,4
User587067,17365,5747.0,4,7
User096590,11988,5746.0,3,6
User493297,8758,3979.0,3,8
User015659,4308,2668.0,2,8
User759472,5895,2567.0,7,12
User071989,4524,2486.0,5,7
User829284,7829,1917.0,7,14
User506790,1732,1696.0,3,6
User666413,2895,1355.0,3,5
User673631,1216,1207.0,1,3
User939467,2783,1205.0,2,9
User247683,1663,1107.0,2,2
User881435,1086,1084.0,1,3
User986685,1227,990.0,3,4
User374774,1779,853.0,3,8
User859354,1262,840.0,1,1
User162807,666,662.0,2,2
User943392,923,616.0,1,1
User636921,3035,610.0,7,11
User355833,1967,563.0,4,8
User494973,956,531.0,3,10
User550993,1015,505.0,2,8
