dataset_day,quarter_hour,user_name,failures,sources,destinations
1,34,User071989,1521,1,1
2,134,User506790,759,1,1
1,24,User506790,703,1,1
2,141,User162807,662,1,1
1,30,User015659,627,1,1
2,137,User374774,440,2,2
1,33,User374774,413,2,2
1,34,User015659,396,1,1
2,129,User503260,382,2,1
1,34,User944022,289,1,1
2,139,User673631,274,1,1
1,95,User031784,270,1,1
2,125,User015659,264,1,1
2,158,User031784,261,1,1
1,33,User015659,257,1,1
1,49,User006226,243,1,2
2,147,User673631,240,1,1
1,36,User015659,228,1,1
1,33,User071989,225,1,1
1,93,User031784,219,1,1
1,84,User031784,216,1,1
1,37,User015659,215,1,1
2,156,User031784,213,1,1
1,58,User006226,212,1,3
1,45,User006226,211,1,2
1,81,User031784,211,1,1
1,33,User031784,210,1,1
2,187,User031784,210,1,1
1,60,User031784,210,1,1
1,38,User031784,210,1,1
