dataset_day,quarter_hour,user_name,src,destination,failures,successes,first_failure_s,last_success_s
2,129,User503260,EnterpriseAppServer,Comp401202,364,2,116438,116443
2,137,User374774,EnterpriseAppServer,Comp337732,222,1,123541,123563
1,33,User374774,EnterpriseAppServer,Comp337732,221,2,30026,30044
2,137,User550993,Comp078659,Comp337732,190,6,123437,123594
1,33,User374774,EnterpriseAppServer,Comp401202,182,2,29981,30000
2,127,User015659,Comp337732,Comp337732,117,1,114308,115105
2,132,User859354,Comp916004,Comp916004,102,51,118905,119643
1,34,User829284,Comp974312,Comp401202,77,30,31051,31478
2,135,User012860,Comp462387,ActiveDirectory,68,6,121920,122075
1,34,User829284,EnterpriseAppServer,Comp337732,56,2,31065,31093
2,133,User247683,Comp916004,Comp916004,56,28,119767,120475
2,121,User108023,Comp843261,ActiveDirectory,55,20,109337,109660
2,128,User012860,Comp462387,ActiveDirectory,53,5,115304,115548
1,33,User496611,Comp693778,ActiveDirectory,49,6,30166,30259
1,41,User530558,EnterpriseAppServer,Comp193128,48,7,37156,37670
2,118,User108023,Comp843261,ActiveDirectory,45,20,106701,107008
2,142,User943392,Comp916004,Comp916004,44,21,127850,128490
2,160,User566597,EnterpriseAppServer,Comp193128,41,5,144054,144880
2,128,User557612,Comp719990,ActiveDirectory,40,4,115344,116067
2,143,User943392,Comp916004,Comp916004,40,21,129200,129345
2,140,User012860,Comp462387,ActiveDirectory,39,23,126323,126728
2,150,User859354,Comp916004,Comp916004,38,19,135206,135852
2,138,User987984,Comp364144,ActiveDirectory,37,11,124386,125058
1,30,User247683,Comp916004,Comp916004,36,18,27208,27674
2,132,User042407,Comp091612,Comp337732,36,64,118817,119679
2,163,User200830,Comp611294,Comp611294,36,6,146707,147068
2,128,User247683,Comp916004,Comp916004,34,17,115225,115869
2,140,User030182,Comp411120,ActiveDirectory,34,39,126005,126597
2,159,User943392,Comp916004,Comp916004,34,17,143212,143698
1,33,User012860,Comp462387,ActiveDirectory,32,24,30136,30570
